metadata_schema_version,field_path,field_role,source_api,source_field,availability_stage,publication_basis,publication_basis_refs,exception_rule,validation_status,validation_evidence,operational_status,train_inference_flag,join_key,value_type,mutable_after_publish,owner,last_verified_at,notes
prerace-field-metadata-v1,schema_version,derived,INTERNAL,SCHEMA_VERSION,L0,출전표 확정 시점 공통 스키마 버전을 payload와 함께 고정한다,"[""packages/scripts/shared/prerace_source_schema.py"", ""docs/prerace-standard-field-catalog.md""]",스키마 버전 문자열은 snapshot 생성 시점 값을 그대로 유지,documented,"[""docs/prerace-field-availability-judgment-rules.md"", ""docs/prerace-field-metadata-schema.md""]",필수,ALLOW,,scalar,불변,shared.prerace_field_metadata_schema,,
prerace-field-metadata-v1,race_date,source,API214_1,rcDate,L0,출전표 기본 카드에서 경주일을 직접 제공한다,"[""apps/api/services/kra_api_service.py"", ""apps/api/services/collection_service.py"", ""apps/api/services/race_processing_workflow.py"", ""docs/prerace-standard-field-catalog.md""]",모든 item에서 동일한 값이어야 하며 YYYYMMDD 문자열로 정규화,documented,"[""docs/prerace-field-availability-judgment-rules.md"", ""docs/prerace-field-metadata-schema.md""]",필수,ALLOW,,scalar,가변,shared.prerace_field_metadata_schema,,
prerace-field-metadata-v1,race_no,source,API214_1,rcNo,L0,출전표 기본 카드에서 경주번호를 직접 제공한다,"[""apps/api/services/kra_api_service.py"", ""apps/api/services/collection_service.py"", ""apps/api/services/race_processing_workflow.py"", ""docs/prerace-standard-field-catalog.md""]",정수 경주번호로 정규화해 저장,documented,"[""docs/prerace-field-availability-judgment-rules.md"", ""docs/prerace-field-metadata-schema.md""]",필수,ALLOW,,scalar,가변,shared.prerace_field_metadata_schema,,
prerace-field-metadata-v1,meet,source,API214_1,meet,L0,출전표 기본 카드에서 개최지 코드를 직접 제공한다,"[""apps/api/services/kra_api_service.py"", ""apps/api/services/collection_service.py"", ""apps/api/services/race_processing_workflow.py"", ""docs/prerace-standard-field-catalog.md""]",서울/제주/부경 alias를 1/2/3 meet 코드로 정규화,documented,"[""docs/prerace-field-availability-judgment-rules.md"", ""docs/prerace-field-metadata-schema.md""]",필수,ALLOW,,scalar,가변,shared.prerace_field_metadata_schema,,
prerace-field-metadata-v1,date,derived,INTERNAL,race_date,L0,하위 호환을 위해 race_date를 date alias로 함께 저장한다,"[""packages/scripts/shared/prerace_source_schema.py"", ""docs/prerace-standard-field-catalog.md""]",race_date와 동일한 값을 유지,documented,"[""docs/prerace-field-availability-judgment-rules.md"", ""docs/prerace-field-metadata-schema.md""]",필수,ALLOW,,scalar,불변,shared.prerace_field_metadata_schema,,
prerace-field-metadata-v1,race_number,derived,INTERNAL,race_no,L0,하위 호환을 위해 race_no를 race_number alias로 함께 저장한다,"[""packages/scripts/shared/prerace_source_schema.py"", ""docs/prerace-standard-field-catalog.md""]",race_no와 동일한 값을 유지,documented,"[""docs/prerace-field-availability-judgment-rules.md"", ""docs/prerace-field-metadata-schema.md""]",필수,ALLOW,,scalar,불변,shared.prerace_field_metadata_schema,,
prerace-field-metadata-v1,race_info.response.body.items.item[],source,API214_1,response.body.items.item[],L0,출전표 원본 envelope 전체를 저장해 필드 인벤토리와 감사 근거로 사용한다,"[""apps/api/services/kra_api_service.py"", ""apps/api/services/collection_service.py"", ""apps/api/services/race_processing_workflow.py"", ""docs/prerace-standard-field-catalog.md""]",원본 보존은 허용하지만 모델 입력 생성 시 사후 필드는 별도 차단 규칙을 적용,documented,"[""docs/prerace-field-availability-judgment-rules.md"", ""docs/prerace-field-metadata-schema.md""]",필수,ALLOW,,array,가변,shared.prerace_field_metadata_schema,,
prerace-field-metadata-v1,collected_at,metadata,INTERNAL,collected_at,L0,수집 시각은 cutoff 감사와 재현성 검증에 필요하다,"[""packages/scripts/shared/prerace_source_schema.py"", ""docs/prerace-standard-field-catalog.md""]",snapshot 생성 당시의 수집 시각을 그대로 유지,documented,"[""docs/prerace-field-availability-judgment-rules.md"", ""docs/prerace-field-metadata-schema.md""]",필수,ALLOW,,scalar,불변,shared.prerace_field_metadata_schema,,
prerace-field-metadata-v1,status,metadata,INTERNAL,status,L0,수집 성공/실패 상태는 snapshot 품질 판단의 기본 메타데이터다,"[""packages/scripts/shared/prerace_source_schema.py"", ""docs/prerace-standard-field-catalog.md""]",정상 snapshot 판정은 status와 함께 읽는다,documented,"[""docs/prerace-field-availability-judgment-rules.md"", ""docs/prerace-field-metadata-schema.md""]",필수,ALLOW,,scalar,가변,shared.prerace_field_metadata_schema,,
prerace-field-metadata-v1,failed_horses[],metadata,INTERNAL,failed_horses[],L0,말 단위 soft-fail은 후속 재수집과 품질 진단에 필요하다,"[""packages/scripts/shared/prerace_source_schema.py"", ""docs/prerace-standard-field-catalog.md""]",예측 생성은 계속하되 실패한 말 목록을 감사 로그로 보존,documented,"[""docs/prerace-field-availability-judgment-rules.md"", ""docs/prerace-field-metadata-schema.md""]",선택,ALLOW,,array,가변,shared.prerace_field_metadata_schema,,
prerace-field-metadata-v1,race_plan.rank,source,API72_2,rank,L-1,경주계획표에서 경주 등급을 사전 제공한다,"[""apps/api/services/kra_api_service.py"", ""apps/api/services/collection_service.py"", ""apps/api/services/race_processing_workflow.py"", ""docs/prompts/data-go-kr-api-application.md""]",대상 rcNo와 일치하는 row만 채택,documented,"[""docs/prerace-field-availability-judgment-rules.md"", ""docs/prerace-field-metadata-schema.md""]",필수,ALLOW,,scalar,가변,shared.prerace_field_metadata_schema,,
prerace-field-metadata-v1,race_plan.budam,source,API72_2,budam,L-1,경주계획표에서 부담조건을 사전 제공한다,"[""apps/api/services/kra_api_service.py"", ""apps/api/services/collection_service.py"", ""apps/api/services/race_processing_workflow.py"", ""docs/prompts/data-go-kr-api-application.md""]",대상 rcNo와 일치하는 row만 채택,documented,"[""docs/prerace-field-availability-judgment-rules.md"", ""docs/prerace-field-metadata-schema.md""]",필수,ALLOW,,scalar,가변,shared.prerace_field_metadata_schema,,
prerace-field-metadata-v1,race_plan.rc_dist,source,API72_2,rcDist,L-1,경주계획표에서 경주 거리를 사전 제공한다,"[""apps/api/services/kra_api_service.py"", ""apps/api/services/collection_service.py"", ""apps/api/services/race_processing_workflow.py"", ""docs/prompts/data-go-kr-api-application.md""]",대상 rcNo와 일치하는 row만 채택,documented,"[""docs/prerace-field-availability-judgment-rules.md"", ""docs/prerace-field-metadata-schema.md""]",필수,ALLOW,,scalar,가변,shared.prerace_field_metadata_schema,,
prerace-field-metadata-v1,race_plan.age_cond,source,API72_2,ageCond,L-1,경주계획표에서 연령 조건을 사전 제공한다,"[""apps/api/services/kra_api_service.py"", ""apps/api/services/collection_service.py"", ""apps/api/services/race_processing_workflow.py"", ""docs/prompts/data-go-kr-api-application.md""]",대상 rcNo와 일치하는 row만 채택,documented,"[""docs/prerace-field-availability-judgment-rules.md"", ""docs/prerace-field-metadata-schema.md""]",필수,ALLOW,,scalar,가변,shared.prerace_field_metadata_schema,,
prerace-field-metadata-v1,race_plan.sex_cond,source,API72_2,sexCond,L-1,경주계획표에서 성별 조건을 사전 제공한다,"[""apps/api/services/kra_api_service.py"", ""apps/api/services/collection_service.py"", ""apps/api/services/race_processing_workflow.py"", ""docs/prompts/data-go-kr-api-application.md""]",대상 rcNo와 일치하는 row만 채택,documented,"[""docs/prerace-field-availability-judgment-rules.md"", ""docs/prerace-field-metadata-schema.md""]",선택,ALLOW,,scalar,가변,shared.prerace_field_metadata_schema,,
prerace-field-metadata-v1,race_plan.chaksun1,source,API72_2,chaksun1,L-1,경주계획표에서 1착 상금 구조를 사전 제공한다,"[""apps/api/services/kra_api_service.py"", ""apps/api/services/collection_service.py"", ""apps/api/services/race_processing_workflow.py"", ""docs/prompts/data-go-kr-api-application.md""]",대상 rcNo와 일치하는 row만 채택,documented,"[""docs/prerace-field-availability-judgment-rules.md"", ""docs/prerace-field-metadata-schema.md""]",선택,ALLOW,,scalar,가변,shared.prerace_field_metadata_schema,,
prerace-field-metadata-v1,race_plan.chaksun2,source,API72_2,chaksun2,L-1,경주계획표에서 2착 상금 구조를 사전 제공한다,"[""apps/api/services/kra_api_service.py"", ""apps/api/services/collection_service.py"", ""apps/api/services/race_processing_workflow.py"", ""docs/prompts/data-go-kr-api-application.md""]",대상 rcNo와 일치하는 row만 채택,documented,"[""docs/prerace-field-availability-judgment-rules.md"", ""docs/prerace-field-metadata-schema.md""]",선택,ALLOW,,scalar,가변,shared.prerace_field_metadata_schema,,
prerace-field-metadata-v1,race_plan.chaksun3,source,API72_2,chaksun3,L-1,경주계획표에서 3착 상금 구조를 사전 제공한다,"[""apps/api/services/kra_api_service.py"", ""apps/api/services/collection_service.py"", ""apps/api/services/race_processing_workflow.py"", ""docs/prompts/data-go-kr-api-application.md""]",대상 rcNo와 일치하는 row만 채택,documented,"[""docs/prerace-field-availability-judgment-rules.md"", ""docs/prerace-field-metadata-schema.md""]",선택,ALLOW,,scalar,가변,shared.prerace_field_metadata_schema,,
prerace-field-metadata-v1,race_plan.chaksun4,source,API72_2,chaksun4,L-1,경주계획표에서 4착 상금 구조를 사전 제공한다,"[""apps/api/services/kra_api_service.py"", ""apps/api/services/collection_service.py"", ""apps/api/services/race_processing_workflow.py"", ""docs/prompts/data-go-kr-api-application.md""]",대상 rcNo와 일치하는 row만 채택,documented,"[""docs/prerace-field-availability-judgment-rules.md"", ""docs/prerace-field-metadata-schema.md""]",선택,ALLOW,,scalar,가변,shared.prerace_field_metadata_schema,,
prerace-field-metadata-v1,race_plan.chaksun5,source,API72_2,chaksun5,L-1,경주계획표에서 5착 상금 구조를 사전 제공한다,"[""apps/api/services/kra_api_service.py"", ""apps/api/services/collection_service.py"", ""apps/api/services/race_processing_workflow.py"", ""docs/prompts/data-go-kr-api-application.md""]",대상 rcNo와 일치하는 row만 채택,documented,"[""docs/prerace-field-availability-judgment-rules.md"", ""docs/prerace-field-metadata-schema.md""]",선택,ALLOW,,scalar,가변,shared.prerace_field_metadata_schema,,
prerace-field-metadata-v1,track.weather,source,API189_1,weather,L0 snapshot,날씨는 당일 변동 가능하므로 출전표 확정 시점 snapshot으로만 허용한다,"[""apps/api/services/kra_api_service.py"", ""apps/api/services/collection_service.py"", ""apps/api/services/race_processing_workflow.py"", ""docs/holdout-entry-finalization-rule.md"", ""docs/kra-race-lifecycle-timing-matrix.md""]",cutoff 이전 최초 정상 snapshot만 허용,documented,"[""docs/prerace-field-availability-judgment-rules.md"", ""docs/prerace-field-metadata-schema.md""]",필수,ALLOW_SNAPSHOT_ONLY,,scalar,가변,shared.prerace_field_metadata_schema,,
prerace-field-metadata-v1,track.track,source,API189_1,track,L0 snapshot,주로 상태는 당일 변동 가능하므로 출전표 확정 시점 snapshot으로만 허용한다,"[""apps/api/services/kra_api_service.py"", ""apps/api/services/collection_service.py"", ""apps/api/services/race_processing_workflow.py"", ""docs/holdout-entry-finalization-rule.md"", ""docs/kra-race-lifecycle-timing-matrix.md""]",cutoff 이전 최초 정상 snapshot만 허용,documented,"[""docs/prerace-field-availability-judgment-rules.md"", ""docs/prerace-field-metadata-schema.md""]",필수,ALLOW_SNAPSHOT_ONLY,,scalar,가변,shared.prerace_field_metadata_schema,,
prerace-field-metadata-v1,track.water_percent,source,API189_1,waterPercent,L0 snapshot,주로 수분율은 당일 변동 가능하므로 출전표 확정 시점 snapshot으로만 허용한다,"[""apps/api/services/kra_api_service.py"", ""apps/api/services/collection_service.py"", ""apps/api/services/race_processing_workflow.py"", ""docs/holdout-entry-finalization-rule.md"", ""docs/kra-race-lifecycle-timing-matrix.md""]",cutoff 이전 최초 정상 snapshot만 허용,documented,"[""docs/prerace-field-availability-judgment-rules.md"", ""docs/prerace-field-metadata-schema.md""]",필수,ALLOW_SNAPSHOT_ONLY,,scalar,가변,shared.prerace_field_metadata_schema,,
prerace-field-metadata-v1,track.temperature,source,API189_1,temperature,L0 snapshot,기온은 당일 변동 가능하므로 출전표 확정 시점 snapshot으로만 허용한다,"[""apps/api/services/kra_api_service.py"", ""apps/api/services/collection_service.py"", ""apps/api/services/race_processing_workflow.py"", ""docs/holdout-entry-finalization-rule.md"", ""docs/kra-race-lifecycle-timing-matrix.md""]",cutoff 이전 최초 정상 snapshot만 허용,documented,"[""docs/prerace-field-availability-judgment-rules.md"", ""docs/prerace-field-metadata-schema.md""]",선택,ALLOW_SNAPSHOT_ONLY,,scalar,가변,shared.prerace_field_metadata_schema,,
prerace-field-metadata-v1,track.humidity,source,API189_1,humidity,L0 snapshot,습도는 당일 변동 가능하므로 출전표 확정 시점 snapshot으로만 허용한다,"[""apps/api/services/kra_api_service.py"", ""apps/api/services/collection_service.py"", ""apps/api/services/race_processing_workflow.py"", ""docs/holdout-entry-finalization-rule.md"", ""docs/kra-race-lifecycle-timing-matrix.md""]",cutoff 이전 최초 정상 snapshot만 허용,documented,"[""docs/prerace-field-availability-judgment-rules.md"", ""docs/prerace-field-metadata-schema.md""]",선택,ALLOW_SNAPSHOT_ONLY,,scalar,가변,shared.prerace_field_metadata_schema,,
prerace-field-metadata-v1,track.wind_direction,source,API189_1,windDirection,L0 snapshot,풍향은 당일 변동 가능하므로 출전표 확정 시점 snapshot으로만 허용한다,"[""apps/api/services/kra_api_service.py"", ""apps/api/services/collection_service.py"", ""apps/api/services/race_processing_workflow.py"", ""docs/holdout-entry-finalization-rule.md"", ""docs/kra-race-lifecycle-timing-matrix.md""]",cutoff 이전 최초 정상 snapshot만 허용,documented,"[""docs/prerace-field-availability-judgment-rules.md"", ""docs/prerace-field-metadata-schema.md""]",선택,ALLOW_SNAPSHOT_ONLY,,scalar,가변,shared.prerace_field_metadata_schema,,
prerace-field-metadata-v1,track.wind_speed,source,API189_1,windSpeed,L0 snapshot,풍속은 당일 변동 가능하므로 출전표 확정 시점 snapshot으로만 허용한다,"[""apps/api/services/kra_api_service.py"", ""apps/api/services/collection_service.py"", ""apps/api/services/race_processing_workflow.py"", ""docs/holdout-entry-finalization-rule.md"", ""docs/kra-race-lifecycle-timing-matrix.md""]",cutoff 이전 최초 정상 snapshot만 허용,documented,"[""docs/prerace-field-availability-judgment-rules.md"", ""docs/prerace-field-metadata-schema.md""]",선택,ALLOW_SNAPSHOT_ONLY,,scalar,가변,shared.prerace_field_metadata_schema,,
prerace-field-metadata-v1,cancelled_horses[],source,API9_1,item[],L0 snapshot,출전취소 정보는 pre-cutoff 최신 snapshot만 운영 사용 가능하다,"[""apps/api/services/kra_api_service.py"", ""apps/api/services/collection_service.py"", ""apps/api/services/race_processing_workflow.py"", ""docs/holdout-entry-finalization-rule.md"", ""docs/kra-race-lifecycle-timing-matrix.md""]",cutoff 이후 취소 정보로 기존 snapshot을 덮어쓰면 안 된다,documented,"[""docs/prerace-field-availability-judgment-rules.md"", ""docs/prerace-field-metadata-schema.md""]",필수,ALLOW_SNAPSHOT_ONLY,,array,가변,shared.prerace_field_metadata_schema,,
prerace-field-metadata-v1,horses[].chul_no,source,API214_1,chulNo,L0,출전표 기본 카드에서 출전번호를 직접 제공한다,"[""apps/api/services/kra_api_service.py"", ""apps/api/services/collection_service.py"", ""apps/api/services/race_processing_workflow.py"", ""docs/prerace-standard-field-catalog.md""]",말 배열 정렬과 예측 출력의 기준 키로 유지,documented,"[""docs/prerace-field-availability-judgment-rules.md"", ""docs/prerace-field-metadata-schema.md""]",필수,ALLOW,,scalar,가변,shared.prerace_field_metadata_schema,,
prerace-field-metadata-v1,horses[].hr_no,source,API214_1,hrNo,L0,출전표 기본 카드에서 말 식별자를 직접 제공한다,"[""apps/api/services/kra_api_service.py"", ""apps/api/services/collection_service.py"", ""apps/api/services/race_processing_workflow.py"", ""docs/prerace-standard-field-catalog.md""]",문자열 식별자를 그대로 보존,documented,"[""docs/prerace-field-availability-judgment-rules.md"", ""docs/prerace-field-metadata-schema.md""]",필수,ALLOW,,scalar,가변,shared.prerace_field_metadata_schema,,
prerace-field-metadata-v1,horses[].hr_name,source,API214_1,hrName,L0,출전표 기본 카드에서 말 이름을 직접 제공한다,"[""apps/api/services/kra_api_service.py"", ""apps/api/services/collection_service.py"", ""apps/api/services/race_processing_workflow.py"", ""docs/prerace-standard-field-catalog.md""]",원문 한글명을 그대로 보존,documented,"[""docs/prerace-field-availability-judgment-rules.md"", ""docs/prerace-field-metadata-schema.md""]",필수,ALLOW,,scalar,가변,shared.prerace_field_metadata_schema,,
prerace-field-metadata-v1,horses[].jk_no,source,API214_1,jkNo,L0,출전표 기본 카드에서 기수 식별자를 직접 제공한다,"[""apps/api/services/kra_api_service.py"", ""apps/api/services/collection_service.py"", ""apps/api/services/race_processing_workflow.py"", ""docs/prerace-standard-field-catalog.md""]",기수 상세/성적 API 조인 키로 재사용,documented,"[""docs/prerace-field-availability-judgment-rules.md"", ""docs/prerace-field-metadata-schema.md""]",필수,ALLOW,,scalar,가변,shared.prerace_field_metadata_schema,,
prerace-field-metadata-v1,horses[].jk_name,source,API214_1,jkName,L0,출전표 기본 카드에서 기수 이름을 직접 제공한다,"[""apps/api/services/kra_api_service.py"", ""apps/api/services/collection_service.py"", ""apps/api/services/race_processing_workflow.py"", ""docs/prerace-standard-field-catalog.md""]",원문 이름을 그대로 보존,documented,"[""docs/prerace-field-availability-judgment-rules.md"", ""docs/prerace-field-metadata-schema.md""]",필수,ALLOW,,scalar,가변,shared.prerace_field_metadata_schema,,
prerace-field-metadata-v1,horses[].tr_no,source,API214_1,trNo,L0,출전표 기본 카드에서 조교사 식별자를 직접 제공한다,"[""apps/api/services/kra_api_service.py"", ""apps/api/services/collection_service.py"", ""apps/api/services/race_processing_workflow.py"", ""docs/prerace-standard-field-catalog.md""]",조교사 상세 API 조인 키로 재사용,documented,"[""docs/prerace-field-availability-judgment-rules.md"", ""docs/prerace-field-metadata-schema.md""]",필수,ALLOW,,scalar,가변,shared.prerace_field_metadata_schema,,
prerace-field-metadata-v1,horses[].tr_name,source,API214_1,trName,L0,출전표 기본 카드에서 조교사 이름을 직접 제공한다,"[""apps/api/services/kra_api_service.py"", ""apps/api/services/collection_service.py"", ""apps/api/services/race_processing_workflow.py"", ""docs/prerace-standard-field-catalog.md""]",원문 이름을 그대로 보존,documented,"[""docs/prerace-field-availability-judgment-rules.md"", ""docs/prerace-field-metadata-schema.md""]",필수,ALLOW,,scalar,가변,shared.prerace_field_metadata_schema,,
prerace-field-metadata-v1,horses[].ow_no,source,API214_1,owNo,L0,출전표 기본 카드에서 마주 식별자를 직접 제공한다,"[""apps/api/services/kra_api_service.py"", ""apps/api/services/collection_service.py"", ""apps/api/services/race_processing_workflow.py"", ""docs/prerace-standard-field-catalog.md""]",마주 상세 API 조인 키로 재사용,documented,"[""docs/prerace-field-availability-judgment-rules.md"", ""docs/prerace-field-metadata-schema.md""]",필수,ALLOW,,scalar,가변,shared.prerace_field_metadata_schema,,
prerace-field-metadata-v1,horses[].ow_name,source,API214_1,owName,L0,출전표 기본 카드에서 마주 이름을 직접 제공한다,"[""apps/api/services/kra_api_service.py"", ""apps/api/services/collection_service.py"", ""apps/api/services/race_processing_workflow.py"", ""docs/prerace-standard-field-catalog.md""]",원문 이름을 그대로 보존,documented,"[""docs/prerace-field-availability-judgment-rules.md"", ""docs/prerace-field-metadata-schema.md""]",필수,ALLOW,,scalar,가변,shared.prerace_field_metadata_schema,,
prerace-field-metadata-v1,horses[].age,source,API214_1,age,L0,출전표 기본 카드에서 나이를 직접 제공한다,"[""apps/api/services/kra_api_service.py"", ""apps/api/services/collection_service.py"", ""apps/api/services/race_processing_workflow.py"", ""docs/prerace-standard-field-catalog.md""]",원문 숫자 값을 그대로 사용,documented,"[""docs/prerace-field-availability-judgment-rules.md"", ""docs/prerace-field-metadata-schema.md""]",필수,ALLOW,,scalar,가변,shared.prerace_field_metadata_schema,,
prerace-field-metadata-v1,horses[].sex,source,API214_1,sex,L0,출전표 기본 카드에서 성별을 직접 제공한다,"[""apps/api/services/kra_api_service.py"", ""apps/api/services/collection_service.py"", ""apps/api/services/race_processing_workflow.py"", ""docs/prerace-standard-field-catalog.md""]",원문 문자열을 그대로 사용,documented,"[""docs/prerace-field-availability-judgment-rules.md"", ""docs/prerace-field-metadata-schema.md""]",필수,ALLOW,,scalar,가변,shared.prerace_field_metadata_schema,,
prerace-field-metadata-v1,horses[].name,source,API214_1,name,L0,출전표 기본 카드에서 산지/국적 원문을 직접 제공한다,"[""apps/api/services/kra_api_service.py"", ""apps/api/services/collection_service.py"", ""apps/api/services/race_processing_workflow.py"", ""docs/prerace-standard-field-catalog.md""]",원문 문자열을 그대로 보존,documented,"[""docs/prerace-field-availability-judgment-rules.md"", ""docs/prerace-field-metadata-schema.md""]",필수,ALLOW,,scalar,가변,shared.prerace_field_metadata_schema,,
prerace-field-metadata-v1,horses[].country,derived,INTERNAL,normalize_prerace_horse_entry(name|country),L0,출전표 기본 카드의 산지/국적 원문을 canonical country 필드로 정규화한다,"[""apps/api/utils/prerace_entry_normalizer.py"", ""docs/prerace-standard-field-catalog.md""]",name 또는 country alias가 비어 있으면 null로 저장하고 country_missing 플래그를 남긴다,documented,"[""docs/prerace-field-availability-judgment-rules.md"", ""docs/prerace-field-metadata-schema.md""]",선택,ALLOW,,scalar,불변,shared.prerace_field_metadata_schema,,
prerace-field-metadata-v1,horses[].rank,source,API214_1,rank,L0,출전표 기본 카드의 rank는 결과 순위가 아니라 등급 문자열이다,"[""apps/api/services/kra_api_service.py"", ""apps/api/services/collection_service.py"", ""apps/api/services/race_processing_workflow.py"", ""docs/prerace-standard-field-catalog.md""]",모델 입력 변환 단계에서는 class_rank로 rename해 결과 필드와 이름 충돌을 피한다,documented,"[""docs/prerace-field-availability-judgment-rules.md"", ""docs/prerace-field-metadata-schema.md""]",필수,ALLOW,,scalar,가변,shared.prerace_field_metadata_schema,,
prerace-field-metadata-v1,horses[].rating,source,API214_1,rating,L0,출전표 기본 카드에서 레이팅을 직접 제공한다,"[""apps/api/services/kra_api_service.py"", ""apps/api/services/collection_service.py"", ""apps/api/services/race_processing_workflow.py"", ""docs/prerace-standard-field-catalog.md""]",원문 숫자 값을 그대로 사용,documented,"[""docs/prerace-field-availability-judgment-rules.md"", ""docs/prerace-field-metadata-schema.md""]",필수,ALLOW,,scalar,가변,shared.prerace_field_metadata_schema,,
prerace-field-metadata-v1,horses[].wg_budam,source,API214_1,wgBudam,L0,출전표 기본 카드에서 부담중량을 직접 제공한다,"[""apps/api/services/kra_api_service.py"", ""apps/api/services/collection_service.py"", ""apps/api/services/race_processing_workflow.py"", ""docs/prerace-standard-field-catalog.md""]",원문 숫자 값을 그대로 사용,documented,"[""docs/prerace-field-availability-judgment-rules.md"", ""docs/prerace-field-metadata-schema.md""]",필수,ALLOW,,scalar,가변,shared.prerace_field_metadata_schema,,
prerace-field-metadata-v1,horses[].wg_budam_bigo,source,API214_1,wgBudamBigo,L0,출전표 기본 카드에서 부담중량 비고를 직접 제공한다,"[""apps/api/services/kra_api_service.py"", ""apps/api/services/collection_service.py"", ""apps/api/services/race_processing_workflow.py"", ""docs/prerace-standard-field-catalog.md""]",원문 문자열을 그대로 사용,documented,"[""docs/prerace-field-availability-judgment-rules.md"", ""docs/prerace-field-metadata-schema.md""]",필수,ALLOW,,scalar,가변,shared.prerace_field_metadata_schema,,
prerace-field-metadata-v1,horses[].wg_hr,source,API214_1,wgHr,L0,출전표 기본 카드에서 마체중 및 증감 원문을 직접 제공한다,"[""apps/api/services/kra_api_service.py"", ""apps/api/services/collection_service.py"", ""apps/api/services/race_processing_workflow.py"", ""docs/prerace-standard-field-catalog.md""]",원문 문자열을 그대로 보존,documented,"[""docs/prerace-field-availability-judgment-rules.md"", ""docs/prerace-field-metadata-schema.md""]",필수,ALLOW,,scalar,가변,shared.prerace_field_metadata_schema,,
prerace-field-metadata-v1,horses[].weight,derived,INTERNAL,parse_body_weight_from_wg_hr(wgHr)|weight,L0,출전표 기본 카드의 마체중 원문 또는 명시 weight 값을 정규화해 저장한다,"[""apps/api/utils/prerace_entry_normalizer.py"", ""docs/prerace-standard-field-catalog.md""]",허용 범위를 벗어나거나 파싱 실패하면 null로 저장하고 weight 관련 normalization_flags를 남긴다,documented,"[""docs/prerace-field-availability-judgment-rules.md"", ""docs/prerace-field-metadata-schema.md""]",선택,ALLOW,,scalar,불변,shared.prerace_field_metadata_schema,,
prerace-field-metadata-v1,horses[].weight_delta,derived,INTERNAL,parse_weight_delta_from_wg_hr(wgHr),L0,출전표 기본 카드의 마체중 증감 원문을 정수 증감치로 정규화한다,"[""apps/api/utils/prerace_entry_normalizer.py"", ""docs/prerace-standard-field-catalog.md""]",허용 범위를 벗어나거나 파싱 실패하면 null로 저장하고 weight_delta 관련 normalization_flags를 남긴다,documented,"[""docs/prerace-field-availability-judgment-rules.md"", ""docs/prerace-field-metadata-schema.md""]",선택,ALLOW,,scalar,불변,shared.prerace_field_metadata_schema,,
prerace-field-metadata-v1,horses[].ilsu,source,API214_1,ilsu,L0,출전표 기본 카드에서 휴양 일수 정보를 직접 제공한다,"[""apps/api/services/kra_api_service.py"", ""apps/api/services/collection_service.py"", ""apps/api/services/race_processing_workflow.py"", ""docs/prerace-standard-field-catalog.md""]",원문 숫자 값을 그대로 사용,documented,"[""docs/prerace-field-availability-judgment-rules.md"", ""docs/prerace-field-metadata-schema.md""]",선택,ALLOW,,scalar,가변,shared.prerace_field_metadata_schema,,
prerace-field-metadata-v1,horses[].hr_tool,source,API214_1,hrTool,L0,출전표 기본 카드에서 장구 정보를 직접 제공한다,"[""apps/api/services/kra_api_service.py"", ""apps/api/services/collection_service.py"", ""apps/api/services/race_processing_workflow.py"", ""docs/prerace-standard-field-catalog.md""]",원문 문자열을 그대로 보존,documented,"[""docs/prerace-field-availability-judgment-rules.md"", ""docs/prerace-field-metadata-schema.md""]",선택,ALLOW,,scalar,가변,shared.prerace_field_metadata_schema,,
prerace-field-metadata-v1,horses[].normalization_flags,derived,INTERNAL,normalize_prerace_horse_entry.flags,L0,정규화 단계에서 파싱 실패·결측·보정 여부를 audit용 플래그 목록으로 기록한다,"[""apps/api/utils/prerace_entry_normalizer.py"", ""docs/prerace-standard-field-catalog.md""]",정규화 단계에서 감지된 플래그를 중복 없이 정렬한 문자열 배열로 저장한다,documented,"[""docs/prerace-field-availability-judgment-rules.md"", ""docs/prerace-field-metadata-schema.md""]",선택,ALLOW,,array,불변,shared.prerace_field_metadata_schema,,
prerace-field-metadata-v1,race_plan.sch_st_time,source,API72_2,schStTime,L0 snapshot,경주계획표 예정 시각은 cutoff 이전 snapshot 고정값만 허용,"[""docs/holdout-entry-finalization-rule.md"", ""docs/kra-race-lifecycle-timing-matrix.md""]",cutoff 이전 최초 정상 snapshot만 허용,documented,"[""docs/prerace-field-availability-judgment-rules.md"", ""docs/prerace-field-metadata-schema.md""]",조건부 허용,ALLOW_SNAPSHOT_ONLY,,scalar,가변,shared.prerace_field_metadata_schema,,
prerace-field-metadata-v1,track,source,API189_1,*,L0 snapshot,주로/날씨는 출전표 확정 전후 변동 가능성이 있어 snapshot 기준을 사용,"[""apps/api/services/kra_api_service.py"", ""apps/api/services/collection_service.py"", ""apps/api/services/race_processing_workflow.py"", ""docs/holdout-entry-finalization-rule.md"", ""docs/kra-race-lifecycle-timing-matrix.md""]",track.* 전체는 cutoff 이전 snapshot만 허용,documented,"[""docs/prerace-field-availability-judgment-rules.md"", ""docs/prerace-field-metadata-schema.md""]",조건부 허용,ALLOW_SNAPSHOT_ONLY,,object,가변,shared.prerace_field_metadata_schema,,"track.weather, track.water_percent 등 하위 필드 전체를 포괄한다."
prerace-field-metadata-v1,cancelled_horses,source,API9_1,item[],L0 snapshot,출전취소 정보는 pre-cutoff 최신 snapshot만 운영 사용 가능,"[""apps/api/services/kra_api_service.py"", ""apps/api/services/collection_service.py"", ""apps/api/services/race_processing_workflow.py"", ""docs/holdout-entry-finalization-rule.md"", ""docs/kra-race-lifecycle-timing-matrix.md""]",cancelled_horses[] 전체는 cutoff 이전 snapshot만 허용,documented,"[""docs/prerace-field-availability-judgment-rules.md"", ""docs/prerace-field-metadata-schema.md""]",조건부 허용,ALLOW_SNAPSHOT_ONLY,,array,가변,shared.prerace_field_metadata_schema,,
prerace-field-metadata-v1,horses[].training,source,API329,item[],L0 snapshot,조교 현황은 cutoff 이전 snapshot이 남아 있을 때만 허용,"[""apps/api/services/kra_api_service.py"", ""apps/api/services/collection_service.py"", ""apps/api/services/race_processing_workflow.py""]",training 블록 및 파생치는 snapshot 고정값만 허용,documented,"[""docs/prerace-field-availability-judgment-rules.md"", ""docs/prerace-field-metadata-schema.md"", ""packages/scripts/feature_engineering.py"", ""packages/scripts/shared/db_client.py""]",조건부 허용,ALLOW_SNAPSHOT_ONLY,,object,가변,shared.prerace_field_metadata_schema,,
prerace-field-metadata-v1,horses[].hrDetail,source,API8_2,item,L-1,말 상세는 사전 정보지만 과거 재조회 시 최신 상태로 바뀔 수 있다,"[""apps/api/services/kra_api_service.py"", ""apps/api/services/collection_service.py"", ""apps/api/services/race_processing_workflow.py""]",당시 저장본만 허용하고 사후 재조회값은 금지,documented,"[""docs/prerace-field-availability-judgment-rules.md"", ""docs/prerace-field-metadata-schema.md""]",조건부 허용,ALLOW_STORED_ONLY,horses[].chul_no,object,재조회 의존,shared.prerace_field_metadata_schema,,
prerace-field-metadata-v1,horses[].jkDetail,source,API12_1,item,L-1,기수 상세는 사전 정보지만 과거 재조회 시 최신 상태로 바뀔 수 있다,"[""apps/api/services/kra_api_service.py"", ""apps/api/services/collection_service.py"", ""apps/api/services/race_processing_workflow.py""]",당시 저장본만 허용하고 사후 재조회값은 금지,documented,"[""docs/prerace-field-availability-judgment-rules.md"", ""docs/prerace-field-metadata-schema.md""]",조건부 허용,ALLOW_STORED_ONLY,horses[].chul_no,object,재조회 의존,shared.prerace_field_metadata_schema,,
prerace-field-metadata-v1,horses[].trDetail,source,API19_1,item,L-1,조교사 상세는 사전 정보지만 과거 재조회 시 최신 상태로 바뀔 수 있다,"[""apps/api/services/kra_api_service.py"", ""apps/api/services/collection_service.py"", ""apps/api/services/race_processing_workflow.py""]",당시 저장본만 허용하고 사후 재조회값은 금지,documented,"[""docs/prerace-field-availability-judgment-rules.md"", ""docs/prerace-field-metadata-schema.md""]",조건부 허용,ALLOW_STORED_ONLY,horses[].chul_no,object,재조회 의존,shared.prerace_field_metadata_schema,,
prerace-field-metadata-v1,horses[].jkStats,source,API11_1,item,L-1,기수 누적 통계는 사전 정보지만 재조회 오염 가능성이 있다,"[""apps/api/services/kra_api_service.py"", ""apps/api/services/collection_service.py"", ""apps/api/services/race_processing_workflow.py""]",당시 저장본만 허용하고 사후 재조회값은 금지,documented,"[""docs/prerace-field-availability-judgment-rules.md"", ""docs/prerace-field-metadata-schema.md""]",조건부 허용,ALLOW_STORED_ONLY,horses[].chul_no,object,재조회 의존,shared.prerace_field_metadata_schema,,
prerace-field-metadata-v1,horses[].owDetail,source,API14_1,item,L-1,마주 정보는 사전 정보지만 재조회 오염 가능성이 있다,"[""apps/api/services/kra_api_service.py"", ""apps/api/services/collection_service.py"", ""apps/api/services/race_processing_workflow.py""]",당시 저장본만 허용하고 사후 재조회값은 금지,documented,"[""docs/prerace-field-availability-judgment-rules.md"", ""docs/prerace-field-metadata-schema.md""]",조건부 허용,ALLOW_STORED_ONLY,horses[].chul_no,object,재조회 의존,shared.prerace_field_metadata_schema,,
prerace-field-metadata-v1,horses[].past_stats,derived,INTERNAL,db_client.get_past_top3_stats_for_race,L0,과거 경주 히스토리 파생은 기준 경주 이전 결과만 집계한다,"[""packages/scripts/feature_engineering.py"", ""packages/scripts/shared/db_client.py""]",현재 경주 결과를 참조하지 않고 당시 저장본 기준으로만 사용,documented,"[""docs/prerace-field-availability-judgment-rules.md"", ""docs/prerace-field-metadata-schema.md""]",조건부 허용,ALLOW_STORED_ONLY,,object,불변,shared.prerace_field_metadata_schema,,
prerace-field-metadata-v1,horses[].win_odds,source,API214_1,winOdds,?,출전표 기본 카드에 존재하지만 공개 시점 실측이 아직 끝나지 않았다,"[""docs/holdout-entry-finalization-rule.md"", ""docs/kra-race-lifecycle-timing-matrix.md""]",raw 저장과 연구는 허용하되 최종 운영 입력에서는 제외,pending_measurement,"[""docs/prerace-field-availability-judgment-rules.md"", ""docs/prerace-field-metadata-schema.md""]",보류,HOLD,horses[].chul_no,scalar,가변,shared.prerace_field_metadata_schema,,
prerace-field-metadata-v1,horses[].plc_odds,source,API214_1,plcOdds,?,출전표 기본 카드에 존재하지만 공개 시점 실측이 아직 끝나지 않았다,"[""docs/holdout-entry-finalization-rule.md"", ""docs/kra-race-lifecycle-timing-matrix.md""]",raw 저장과 연구는 허용하되 최종 운영 입력에서는 제외,pending_measurement,"[""docs/prerace-field-availability-judgment-rules.md"", ""docs/prerace-field-metadata-schema.md""]",보류,HOLD,horses[].chul_no,scalar,가변,shared.prerace_field_metadata_schema,,
prerace-field-metadata-v1,horses[].computed_features.odds_rank,derived,INTERNAL,win_odds -> odds_rank,?,odds 의존 파생은 원천 공개 시점 검증이 끝나기 전까지 보류한다,"[""docs/holdout-entry-finalization-rule.md"", ""docs/kra-race-lifecycle-timing-matrix.md"", ""packages/scripts/feature_engineering.py"", ""packages/scripts/shared/db_client.py""]",win_odds/plc_odds 검증 완료 전까지 운영 입력 금지,pending_measurement,"[""docs/prerace-field-availability-judgment-rules.md"", ""docs/prerace-field-metadata-schema.md""]",보류,HOLD,,scalar,가변,shared.prerace_field_metadata_schema,,
prerace-field-metadata-v1,race_odds,label,API160_1|API301,item[],L+1,확정 배당은 결과 수집 경로에서만 적재된다,"[""apps/api/services/result_collection_service.py"", ""packages/scripts/evaluation/leakage_checks.py""]",배당 블록 전체는 입력 금지,documented,"[""docs/prerace-field-availability-judgment-rules.md"", ""docs/prerace-field-metadata-schema.md""]",금지,BLOCK,,object,사후 전용,shared.prerace_field_metadata_schema,,
prerace-field-metadata-v1,ord,label,API214_1,ord,L+1,결과 착순은 결과 수집 후에만 의미가 생긴다,"[""apps/api/services/result_collection_service.py"", ""packages/scripts/evaluation/leakage_checks.py""]",leaf key 기준 전역 차단,documented,"[""docs/prerace-field-availability-judgment-rules.md"", ""docs/prerace-field-metadata-schema.md""]",금지,BLOCK,,scalar,사후 전용,shared.prerace_field_metadata_schema,,
prerace-field-metadata-v1,ordBigo,label,API214_1,ordBigo,L+1,결과 비고는 결과 수집 후에만 의미가 생긴다,"[""apps/api/services/result_collection_service.py"", ""packages/scripts/evaluation/leakage_checks.py""]",leaf key 기준 전역 차단,documented,"[""docs/prerace-field-availability-judgment-rules.md"", ""docs/prerace-field-metadata-schema.md""]",금지,BLOCK,,scalar,사후 전용,shared.prerace_field_metadata_schema,,
prerace-field-metadata-v1,rankRise,label,API214_1,rankRise,L+1,결과 기반 순위 변동은 결과 수집 후에만 의미가 생긴다,"[""apps/api/services/result_collection_service.py"", ""packages/scripts/evaluation/leakage_checks.py""]",leaf key 기준 전역 차단,documented,"[""docs/prerace-field-availability-judgment-rules.md"", ""docs/prerace-field-metadata-schema.md""]",금지,BLOCK,,scalar,사후 전용,shared.prerace_field_metadata_schema,,
prerace-field-metadata-v1,diffUnit,label,API214_1,diffUnit,L+1,도착 차는 결과 수집 후에만 의미가 생긴다,"[""apps/api/services/result_collection_service.py"", ""packages/scripts/evaluation/leakage_checks.py""]",leaf key 기준 전역 차단,documented,"[""docs/prerace-field-availability-judgment-rules.md"", ""docs/prerace-field-metadata-schema.md""]",금지,BLOCK,,scalar,사후 전용,shared.prerace_field_metadata_schema,,
prerace-field-metadata-v1,rcTime,label,API214_1,rcTime,L+1,기록은 결과 수집 후에만 의미가 생긴다,"[""apps/api/services/result_collection_service.py"", ""packages/scripts/evaluation/leakage_checks.py""]",leaf key 기준 전역 차단,documented,"[""docs/prerace-field-availability-judgment-rules.md"", ""docs/prerace-field-metadata-schema.md""]",금지,BLOCK,,scalar,사후 전용,shared.prerace_field_metadata_schema,,
prerace-field-metadata-v1,result,label,API214_1,result,L+1,결과 상태 필드는 결과 수집 후에만 의미가 생긴다,"[""apps/api/services/result_collection_service.py"", ""packages/scripts/evaluation/leakage_checks.py""]",leaf key 기준 전역 차단,documented,"[""docs/prerace-field-availability-judgment-rules.md"", ""docs/prerace-field-metadata-schema.md""]",금지,BLOCK,,scalar,사후 전용,shared.prerace_field_metadata_schema,,
prerace-field-metadata-v1,resultTime,label,API214_1,resultTime,L+1,결과 기록 필드는 결과 수집 후에만 의미가 생긴다,"[""apps/api/services/result_collection_service.py"", ""packages/scripts/evaluation/leakage_checks.py""]",leaf key 기준 전역 차단,documented,"[""docs/prerace-field-availability-judgment-rules.md"", ""docs/prerace-field-metadata-schema.md""]",금지,BLOCK,,scalar,사후 전용,shared.prerace_field_metadata_schema,,
prerace-field-metadata-v1,finish_position,label,API214_1,finish_position,L+1,결승 순위 필드는 결과 수집 후에만 의미가 생긴다,"[""apps/api/services/result_collection_service.py"", ""packages/scripts/evaluation/leakage_checks.py""]",leaf key 기준 전역 차단,documented,"[""docs/prerace-field-availability-judgment-rules.md"", ""docs/prerace-field-metadata-schema.md""]",금지,BLOCK,,scalar,사후 전용,shared.prerace_field_metadata_schema,,
prerace-field-metadata-v1,dividend,label,API160_1|API301,dividend,L+1,확정 배당금은 결과 수집 경로에서만 적재된다,"[""apps/api/services/result_collection_service.py"", ""packages/scripts/evaluation/leakage_checks.py""]",leaf key 기준 전역 차단,documented,"[""docs/prerace-field-availability-judgment-rules.md"", ""docs/prerace-field-metadata-schema.md""]",금지,BLOCK,,scalar,사후 전용,shared.prerace_field_metadata_schema,,
prerace-field-metadata-v1,payout,label,API160_1|API301,payout,L+1,환급금은 결과 수집 경로에서만 적재된다,"[""apps/api/services/result_collection_service.py"", ""packages/scripts/evaluation/leakage_checks.py""]",leaf key 기준 전역 차단,documented,"[""docs/prerace-field-availability-judgment-rules.md"", ""docs/prerace-field-metadata-schema.md""]",금지,BLOCK,,scalar,사후 전용,shared.prerace_field_metadata_schema,,
prerace-field-metadata-v1,top3,label,INTERNAL,result_data.top3,L+1,정답 라벨은 결과 확정 후 내부적으로만 계산된다,"[""apps/api/services/result_collection_service.py"", ""packages/scripts/evaluation/leakage_checks.py""]",정답/평가 전용,documented,"[""docs/prerace-field-availability-judgment-rules.md"", ""docs/prerace-field-metadata-schema.md""]",라벨 전용,LABEL_ONLY,,array,사후 전용,shared.prerace_field_metadata_schema,,
prerace-field-metadata-v1,is_top3,label,INTERNAL,result_data.top3 -> membership,L+1,정답 라벨은 결과 확정 후 내부적으로만 계산된다,"[""apps/api/services/result_collection_service.py"", ""packages/scripts/evaluation/leakage_checks.py""]",정답/평가 전용,documented,"[""docs/prerace-field-availability-judgment-rules.md"", ""docs/prerace-field-metadata-schema.md""]",라벨 전용,LABEL_ONLY,,scalar,사후 전용,shared.prerace_field_metadata_schema,,
prerace-field-metadata-v1,actual_result,label,INTERNAL,result_data,L+1,정답 라벨은 결과 확정 후 내부적으로만 계산된다,"[""apps/api/services/result_collection_service.py"", ""packages/scripts/evaluation/leakage_checks.py""]",정답/평가 전용,documented,"[""docs/prerace-field-availability-judgment-rules.md"", ""docs/prerace-field-metadata-schema.md""]",라벨 전용,LABEL_ONLY,,object,사후 전용,shared.prerace_field_metadata_schema,,
prerace-field-metadata-v1,result_data,label,INTERNAL,result_data.*,L+1,결과 블록은 결과 수집 후에만 완성된다,"[""apps/api/services/result_collection_service.py"", ""packages/scripts/evaluation/leakage_checks.py""]",결과 블록 전체는 라벨/평가 전용,documented,"[""docs/prerace-field-availability-judgment-rules.md"", ""docs/prerace-field-metadata-schema.md""]",라벨 전용,LABEL_ONLY,,object,사후 전용,shared.prerace_field_metadata_schema,,
prerace-field-metadata-v1,snapshot_meta,metadata,INTERNAL,snapshot_meta.*,L0,홀드아웃 재생과 운영 감사용 내부 메타데이터,"[""packages/scripts/autoresearch/prepare.py"", ""packages/scripts/autoresearch/holdout_split.py""]",감사/운영 메타데이터 전용,documented,"[""docs/prerace-field-availability-judgment-rules.md"", ""docs/prerace-field-metadata-schema.md""]",메타 전용,META_ONLY,,object,가변,shared.prerace_field_metadata_schema,,
prerace-field-metadata-v1,field_policy,metadata,INTERNAL,field_policy.*,L0,필드 필터링 리포트는 감사/운영 메타데이터다,"[""packages/scripts/shared/prerace_field_policy.py""]",감사/운영 메타데이터 전용,documented,"[""docs/prerace-field-availability-judgment-rules.md"", ""docs/prerace-field-metadata-schema.md""]",메타 전용,META_ONLY,,object,가변,shared.prerace_field_metadata_schema,,
prerace-field-metadata-v1,source_field_tags,metadata,INTERNAL,source_field_tags.*,L0,수집 단계 원천 필드 태깅은 감사와 누수 점검용 메타데이터다,"[""apps/api/services/prerace_field_tagging.py""]",감사/운영 메타데이터 전용,documented,"[""docs/prerace-field-availability-judgment-rules.md"", ""docs/prerace-field-metadata-schema.md""]",메타 전용,META_ONLY,,object,가변,shared.prerace_field_metadata_schema,,
